Time,Original,ExtractedTrend,ReferenceTrend
0,23.99355436586,11.9659524186208,10
1,19.1468368291277,11.9659524186208,9.9005
2,10.3983036992017,11.9659524186208,9.802
3,3.23513222294426,11.9659524186208,9.7045
4,16.5902331361359,11.9659524186208,9.608
5,13.4473538542175,11.9659524186208,9.5125
6,18.3699322002773,11.9659524186208,9.418
7,15.6762180168197,11.9659524186208,9.3245
8,19.7275271531933,11.9659524186208,9.232
9,3.78814788439432,11.9659524186208,9.1405
10,22.2239406563433,11.9659524186208,9.05
11,10.936496046924,11.9659524186208,8.9605
12,29.6246087262527,11.9659524186208,8.872
13,1.89262181910432,11.9659524186208,8.7845
14,26.0576380316525,11.9659524186208,8.698
15,10.5916078346265,11.9659524186208,8.6125
16,2.01381996385552,11.9659524186208,8.528
17,3.60564165945678,11.9659524186208,8.4445
18,5.1585269180568,11.9659524186208,8.362
19,12.5221594640192,11.9659524186208,8.2805
20,13.428354880355,11.9659524186208,8.2
21,2.38349996061421,11.9659524186208,8.1205
22,7.79845407739017,11.9659524186208,8.042
23,29.3872035861186,11.9659524186208,7.9645
24,25.1634317010071,11.9659524186208,7.888
25,12.1757366967403,11.9659524186208,7.8125
26,8.118034781682,11.9659524186208,7.738
27,8.86481326718261,11.9659524186208,7.6645
28,13.7271797273042,11.9659524186208,7.592
29,-2.70742565198405,11.9659524186208,7.5205
30,4.87623462576655,11.9659524186208,7.45
31,-9.30534073877589,11.9659524186208,7.3805
32,11.3042312260528,7.54038276289566,7.312
33,13.7164593970274,7.54038276289566,7.2445
34,2.34613537700626,7.54038276289566,7.178
35,22.8523676329003,7.54038276289566,7.1125
36,-5.20965663002341,7.54038276289566,7.048
37,-7.6592488020982,7.54038276289566,6.9845
38,9.16651818559972,7.54038276289566,6.922
39,17.3314830261215,7.54038276289566,6.8605
40,23.6392769145787,7.54038276289566,6.8
41,2.1516573713106,7.54038276289566,6.7405
42,17.468808334313,7.54038276289566,6.682
43,6.23941530499293,7.54038276289566,6.6245
44,4.8417270005918,7.54038276289566,6.568
45,15.3490993748667,7.54038276289566,6.5125
46,12.9812287841342,7.54038276289566,6.458
47,-9.3594215698425,7.54038276289566,6.4045
48,21.117403497259,7.54038276289566,6.352
49,20.1014135414745,7.54038276289566,6.3005
50,-0.0056270150952944,7.54038276289566,6.25
51,10.1585353343741,7.54038276289566,6.2005
52,11.0923018628274,7.54038276289566,6.152
53,8.71123765823907,7.54038276289566,6.1045
54,0.554948461545798,7.54038276289566,6.058
55,-0.703733679380515,7.54038276289566,6.0125
56,5.71245929008555,7.54038276289566,5.968
57,17.6517901925936,7.54038276289566,5.9245
58,11.3180015459443,7.54038276289566,5.882
59,2.13435667913894,7.54038276289566,5.8405
60,13.5169871064834,7.54038276289566,5.8
61,-22.7249262063008,7.54038276289566,5.7605
62,17.209657003721,7.54038276289566,5.722
63,-11.712637787781,7.54038276289566,5.6845
64,2.02359058596868,5.99059938202831,5.648
65,-5.58419894626144,5.99059938202831,5.6125
66,-7.36881475720906,5.99059938202831,5.578
67,17.1527678737852,5.99059938202831,5.5445
68,0.834987986881085,5.99059938202831,5.512
69,8.94553881730716,5.99059938202831,5.4805
70,4.98079421120816,5.99059938202831,5.45
71,10.1909082722312,5.99059938202831,5.4205
72,6.16021891060255,5.99059938202831,5.392
73,-7.4654222418857,5.99059938202831,5.3645
74,15.3006681944714,5.99059938202831,5.338
75,0.374934168386875,5.99059938202831,5.3125
76,-10.2778189865975,5.99059938202831,5.288
77,0.983348390340875,5.99059938202831,5.2645
78,20.2495979063431,5.99059938202831,5.242
79,13.7227174211349,5.99059938202831,5.2205
80,1.71347865592141,5.99059938202831,5.2
81,1.68792295681571,5.99059938202831,5.1805
82,1.94564948782617,5.99059938202831,5.162
83,25.9119798356084,5.99059938202831,5.1445
84,8.94735452231553,5.99059938202831,5.128
85,9.4129164719107,5.99059938202831,5.1125
86,15.4008345403184,5.99059938202831,5.098
87,7.47239159026513,5.99059938202831,5.0845
88,2.48157854179297,5.99059938202831,5.072
89,3.09700150915022,5.99059938202831,5.0605
90,4.33398740585936,5.99059938202831,5.05
91,4.66827763490158,5.99059938202831,5.0405
92,12.3082954363698,5.99059938202831,5.032
93,5.54395885807299,5.99059938202831,5.0245
94,12.3444007721558,5.99059938202831,5.018
95,4.20533419891418,5.99059938202831,5.0125
96,5.7943519031609,7.49651425665057,5.008
97,-14.9775068453211,7.49651425665057,5.0045
98,14.1652767470248,7.49651425665057,5.002
99,8.46538475897993,7.49651425665057,5.0005
100,14.9801010985965,7.49651425665057,5
101,-23.9620537819369,7.49651425665057,5.0005
102,25.8857470478073,7.49651425665057,5.002
103,3.60860371844826,7.49651425665057,5.0045
104,16.0898281673752,7.49651425665057,5.008
105,-5.38655927125531,7.49651425665057,5.0125
106,11.1457390506257,7.49651425665057,5.018
107,-5.50965563173656,7.49651425665057,5.0245
108,-1.20568960695805,7.49651425665057,5.032
109,24.1808135386679,7.49651425665057,5.0405
110,3.14317599236653,7.49651425665057,5.05
111,7.23482873179723,7.49651425665057,5.0605
112,13.7726773068875,7.49651425665057,5.072
113,10.041318879726,7.49651425665057,5.0845
114,6.60218905143576,7.49651425665057,5.098
115,8.76211002466225,7.49651425665057,5.1125
116,29.1621558523827,7.49651425665057,5.128
117,4.56831202966415,7.49651425665057,5.1445
118,7.17299046714967,7.49651425665057,5.162
119,15.6870439600761,7.49651425665057,5.1805
120,16.2552593295798,7.49651425665057,5.2
121,17.0908030556038,7.49651425665057,5.2205
122,11.6293022202918,7.49651425665057,5.242
123,-6.16554912730484,7.49651425665057,5.2645
124,21.622315323011,7.49651425665057,5.288
125,-6.15095393018688,7.49651425665057,5.3125
126,8.36435465239033,7.49651425665057,5.338
127,-2.17825850019358,7.49651425665057,5.3645
128,4.75061653407007,7.21660018030991,5.392
129,8.70812410303481,7.21660018030991,5.4205
130,8.66357215450273,7.21660018030991,5.45
131,9.69970754235285,7.21660018030991,5.4805
132,21.6491126905865,7.21660018030991,5.512
133,10.0798430151398,7.21660018030991,5.5445
134,3.13643364709351,7.21660018030991,5.578
135,15.2533716828836,7.21660018030991,5.6125
136,17.5427048892464,7.21660018030991,5.648
137,-6.59157815136992,7.21660018030991,5.6845
138,11.6960006984986,7.21660018030991,5.722
139,12.772227423109,7.21660018030991,5.7605
140,2.82436496640008,7.21660018030991,5.8
141,19.5975681331162,7.21660018030991,5.8405
142,4.38144412967473,7.21660018030991,5.882
143,7.18026453471542,7.21660018030991,5.9245
144,4.2372817571613,7.21660018030991,5.968
145,6.16829047581468,7.21660018030991,6.0125
146,-4.90475086895202,7.21660018030991,6.058
147,-8.29600882594294,7.21660018030991,6.1045
148,22.0970506322497,7.21660018030991,6.152
149,-2.26911348318328,7.21660018030991,6.2005
150,-3.66392349456307,7.21660018030991,6.25
151,-15.2334011360371,7.21660018030991,6.3005
152,-0.0376174768950239,7.21660018030991,6.352
153,-6.82639793407498,7.21660018030991,6.4045
154,22.8781516013637,7.21660018030991,6.458
155,16.6106708934263,7.21660018030991,6.5125
156,-0.313503451777239,7.21660018030991,6.568
157,29.1488580534431,7.21660018030991,6.6245
158,16.4996548699159,7.21660018030991,6.682
159,3.49218616491377,7.21660018030991,6.7405
160,-18.1940571487357,7.20388886975648,6.8
161,29.7699257259074,7.20388886975648,6.8605
162,-6.97372466763596,7.20388886975648,6.922
163,-9.46948746956892,7.20388886975648,6.9845
164,17.2737043200964,7.20388886975648,7.048
165,31.5100240633927,7.20388886975648,7.1125
166,21.0207281851052,7.20388886975648,7.178
167,12.8835912005236,7.20388886975648,7.2445
168,13.2595434166529,7.20388886975648,7.312
169,15.9146555878031,7.20388886975648,7.3805
170,15.0392858978677,7.20388886975648,7.45
171,10.3324142396938,7.20388886975648,7.5205
172,8.63401103951876,7.20388886975648,7.592
173,7.03856872100478,7.20388886975648,7.6645
174,0.198354111333235,7.20388886975648,7.738
175,5.00574923133226,7.20388886975648,7.8125
176,-9.04156814195386,7.20388886975648,7.888
177,6.9811037320525,7.20388886975648,7.9645
178,-1.84391107150917,7.20388886975648,8.042
179,-2.91539317215771,7.20388886975648,8.1205
180,9.99894151153478,7.20388886975648,8.2
181,22.200522863446,7.20388886975648,8.2805
182,17.5451660600231,7.20388886975648,8.362
183,-7.26050603623177,7.20388886975648,8.4445
184,-1.36828136570338,7.20388886975648,8.528
185,18.0202118798822,7.20388886975648,8.6125
186,-1.1268739353831,7.20388886975648,8.698
187,6.53816850002976,7.20388886975648,8.7845
188,14.3725209902455,7.20388886975648,8.872
189,-0.722944548636352,7.20388886975648,8.9605
190,10.1037550614596,7.20388886975648,9.05
191,-4.19975494918205,7.20388886975648,9.1405
192,3.21832356048786,10.9449350281075,9.232
193,12.5223193414254,10.9449350281075,9.3245
194,-6.51193733531669,10.9449350281075,9.418
195,13.917247379604,10.9449350281075,9.5125
196,9.41162201073319,10.9449350281075,9.608
197,15.2293995441715,10.9449350281075,9.7045
198,12.0411413406466,10.9449350281075,9.802
199,23.5419042997384,10.9449350281075,9.9005
200,11.2522450264791,10.9449350281075,10
201,5.80644458874747,10.9449350281075,10.1005
202,11.4249750303228,10.9449350281075,10.202
203,15.7374802903639,10.9449350281075,10.3045
204,10.896600703257,10.9449350281075,10.408
205,10.9184169120388,10.9449350281075,10.5125
206,3.59808312193245,10.9449350281075,10.618
207,4.09549082449052,10.9449350281075,10.7245
208,-3.19405271799693,10.9449350281075,10.832
209,28.4362674318694,10.9449350281075,10.9405
210,-1.38863235391285,10.9449350281075,11.05
211,4.23144802204093,10.9449350281075,11.1605
212,4.08792734430802,10.9449350281075,11.272
213,20.3337437694444,10.9449350281075,11.3845
214,8.54850321707972,10.9449350281075,11.498
215,24.0899207267373,10.9449350281075,11.6125
216,4.99309375756131,10.9449350281075,11.728
217,14.634441622238,10.9449350281075,11.8445
218,3.60852946740243,10.9449350281075,11.962
219,33.5319912777339,10.9449350281075,12.0805
220,0.324015809704871,10.9449350281075,12.2
221,15.4187071022703,10.9449350281075,12.3205
222,18.779768809321,10.9449350281075,12.442
223,16.702490974515,10.9449350281075,12.5645
224,10.8351234112229,15.0632391584713,12.688
225,11.5142930026657,15.0632391584713,12.8125
226,13.3761147197911,15.0632391584713,12.938
227,11.5944799837151,15.0632391584713,13.0645
228,22.8307911679491,15.0632391584713,13.192
229,35.4257300159135,15.0632391584713,13.3205
230,7.87508214992166,15.0632391584713,13.45
231,-0.117529795790777,15.0632391584713,13.5805
232,12.8291795164874,15.0632391584713,13.712
233,39.6415933765432,15.0632391584713,13.8445
234,5.94125432030269,15.0632391584713,13.978
235,30.5036680544407,15.0632391584713,14.1125
236,31.0250081407644,15.0632391584713,14.248
237,8.84861758292005,15.0632391584713,14.3845
238,20.2118307918528,15.0632391584713,14.522
239,30.9444662312854,15.0632391584713,14.6605
240,11.0087225901251,15.0632391584713,14.8
241,12.9046963989764,15.0632391584713,14.9405
242,9.26519086051356,15.0632391584713,15.082
243,5.07693269307133,15.0632391584713,15.2245
244,8.87522454933993,15.0632391584713,15.368
245,3.27309733237743,15.0632391584713,15.5125
246,15.9988346825923,15.0632391584713,15.658
247,8.10476768941358,15.0632391584713,15.8045
248,18.2898591179075,15.0632391584713,15.952
249,0.541543537963728,15.0632391584713,16.1005
250,19.5588023221446,15.0632391584713,16.25
251,24.7357896160892,15.0632391584713,16.4005
252,-3.38535642571456,15.0632391584713,16.552
253,20.4450656984757,15.0632391584713,16.7045
254,29.1346899247329,15.0632391584713,16.858
255,4.91608981308795,15.0632391584713,17.0125
256,33.893723868377,20.4571463428351,17.168
257,21.5146900936605,20.4571463428351,17.3245
258,10.4318814424159,20.4571463428351,17.482
259,17.0828092234229,20.4571463428351,17.6405
260,23.3832691252172,20.4571463428351,17.8
261,18.7205539141241,20.4571463428351,17.9605
262,23.5095599244637,20.4571463428351,18.122
263,9.07776406920634,20.4571463428351,18.2845
264,20.1416082403608,20.4571463428351,18.448
265,4.4753550309502,20.4571463428351,18.6125
266,17.665739386513,20.4571463428351,18.778
267,9.9054235853521,20.4571463428351,18.9445
268,11.7567005741023,20.4571463428351,19.112
269,31.6414317521044,20.4571463428351,19.2805
270,30.3631012059427,20.4571463428351,19.45
271,25.7118812090718,20.4571463428351,19.6205
272,8.8688723532742,20.4571463428351,19.792
273,16.800415503052,20.4571463428351,19.9645
274,32.2689769997918,20.4571463428351,20.138
275,21.729669136399,20.4571463428351,20.3125
276,43.6812953998169,20.4571463428351,20.488
277,24.5976783939437,20.4571463428351,20.6645
278,22.7624911649003,20.4571463428351,20.842
279,17.929335357975,20.4571463428351,21.0205
280,22.5354090478228,20.4571463428351,21.2
281,19.8558016361946,20.4571463428351,21.3805
282,28.6430867668859,20.4571463428351,21.562
283,31.3115231679458,20.4571463428351,21.7445
284,14.0681053949205,20.4571463428351,21.928
285,8.80017046442222,20.4571463428351,22.1125
286,3.93594626896704,20.4571463428351,22.298
287,27.5644132691254,20.4571463428351,22.4845
288,11.6383339382613,26.2306153318239,22.672
289,1.33159407047517,26.2306153318239,22.8605
290,26.9357860453096,26.2306153318239,23.05
291,48.1704951743279,26.2306153318239,23.2405
292,23.3712908846011,26.2306153318239,23.432
293,32.0094077445164,26.2306153318239,23.6245
294,24.6362935854757,26.2306153318239,23.818
295,23.0236034680886,26.2306153318239,24.0125
296,33.3987648298777,26.2306153318239,24.208
297,21.5017545581135,26.2306153318239,24.4045
298,27.275923140719,26.2306153318239,24.602
299,28.0174780619601,26.2306153318239,24.8005
300,18.3190954635695,26.2306153318239,25
301,35.1209234953652,26.2306153318239,25.2005
302,23.6524024330459,26.2306153318239,25.402
303,18.0470484050715,26.2306153318239,25.6045
304,31.173098435704,26.2306153318239,25.808
305,17.0278201820896,26.2306153318239,26.0125
306,26.4998115736913,26.2306153318239,26.218
307,26.333310033558,26.2306153318239,26.4245
308,37.4909556583158,26.2306153318239,26.632
309,31.5874823287995,26.2306153318239,26.8405
310,26.7997304125486,26.2306153318239,27.05
311,35.4381629920029,26.2306153318239,27.2605
312,41.3740754901731,26.2306153318239,27.472
313,33.2626030635186,26.2306153318239,27.6845
314,28.0015261984338,26.2306153318239,27.898
315,14.9941376764984,26.2306153318239,28.1125
316,17.6768633692463,26.2306153318239,28.328
317,25.4922529564533,26.2306153318239,28.5445
318,22.6668779784072,26.2306153318239,28.762
319,27.1107869701455,26.2306153318239,28.9805
320,29.7664992489711,31.2650721081435,29.2
321,34.7174275435673,31.2650721081435,29.4205
322,28.9370122194091,31.2650721081435,29.642
323,34.729516438262,31.2650721081435,29.8645
324,30.7327441481012,31.2650721081435,30.088
325,10.5578343364613,31.2650721081435,30.3125
326,21.1446460618125,31.2650721081435,30.538
327,29.3236244427838,31.2650721081435,30.7645
328,18.8950525715889,31.2650721081435,30.992
329,37.2197872999621,31.2650721081435,31.2205
330,46.757508323437,31.2650721081435,31.45
331,43.8681185169732,31.2650721081435,31.6805
332,29.7775712906979,31.2650721081435,31.912
333,47.0517613684995,31.2650721081435,32.1445
334,33.8646745720211,31.2650721081435,32.378
335,29.2416402888196,31.2650721081435,32.6125
336,26.7139733645906,31.2650721081435,32.848
337,30.0598031351187,31.2650721081435,33.0845
338,29.4402318145877,31.2650721081435,33.322
339,35.2646622237549,31.2650721081435,33.5605
340,35.4057398104987,31.2650721081435,33.8
341,34.0709602015341,31.2650721081435,34.0405
342,38.6513816974635,31.2650721081435,34.282
343,46.4309627478634,31.2650721081435,34.5245
344,44.2635413544132,31.2650721081435,34.768
345,20.163520315501,31.2650721081435,35.0125
346,9.71878865098045,31.2650721081435,35.258
347,44.8476991123927,31.2650721081435,35.5045
348,22.0832130158458,31.2650721081435,35.752
349,33.7528459810732,31.2650721081435,36.0005
350,24.5488697394064,31.2650721081435,36.25
351,18.4806956241998,31.2650721081435,36.5005
352,42.1666272820479,40.2866659538569,36.752
353,44.5960516030265,40.2866659538569,37.0045
354,31.4928959927328,40.2866659538569,37.258
355,11.6020770785509,40.2866659538569,37.5125
356,32.3055555174752,40.2866659538569,37.768
357,41.9425400540255,40.2866659538569,38.0245
358,23.4928843122587,40.2866659538569,38.282
359,40.3740991977916,40.2866659538569,38.5405
360,38.64690150827,40.2866659538569,38.8
361,44.8534149960109,40.2866659538569,39.0605
362,40.5178036841415,40.2866659538569,39.322
363,29.8538105911844,40.2866659538569,39.5845
364,51.8137150166449,40.2866659538569,39.848
365,38.5272042697303,40.2866659538569,40.1125
366,40.1049546049007,40.2866659538569,40.378
367,31.311820409268,40.2866659538569,40.6445
368,36.4791774880849,40.2866659538569,40.912
369,32.332472859731,40.2866659538569,41.1805
370,39.7205394007658,40.2866659538569,41.45
371,58.8375848014234,40.2866659538569,41.7205
372,28.2729885706864,40.2866659538569,41.992
373,26.1288860212326,40.2866659538569,42.2645
374,57.2497032749361,40.2866659538569,42.538
375,40.7192632284813,40.2866659538569,42.8125
376,36.3972726134008,40.2866659538569,43.088
377,53.7635468739608,40.2866659538569,43.3645
378,37.5858446026314,40.2866659538569,43.642
379,62.1805971354694,40.2866659538569,43.9205
380,50.9792587133927,40.2866659538569,44.2
381,39.601385918543,40.2866659538569,44.4805
382,66.335082132655,40.2866659538569,44.762
383,38.9873507699666,40.2866659538569,45.0445
384,52.7489537200931,52.7330132040008,45.328
385,48.6054258040649,52.7330132040008,45.6125
386,58.915412893988,52.7330132040008,45.898
387,61.7996119672685,52.7330132040008,46.1845
388,46.7920414906577,52.7330132040008,46.472
389,39.2263212965382,52.7330132040008,46.7605
390,51.6497214293912,52.7330132040008,47.05
391,40.5633463024789,52.7330132040008,47.3405
392,67.7658724752662,52.7330132040008,47.632
393,49.2898533108274,52.7330132040008,47.9245
394,44.5647844868789,52.7330132040008,48.218
395,50.3593030586491,52.7330132040008,48.5125
396,35.336737104703,52.7330132040008,48.808
397,39.3883596148935,52.7330132040008,49.1045
398,61.4061390794442,52.7330132040008,49.402
399,43.131557210286,52.7330132040008,49.7005
400,39.5308901731806,52.7330132040008,50
401,55.6670275252729,52.7330132040008,50.3005
402,62.45904154663,52.7330132040008,50.602
403,58.0940331066507,52.7330132040008,50.9045
404,61.1684768580582,52.7330132040008,51.208
405,43.9445491143054,52.7330132040008,51.5125
406,37.5998933325816,52.7330132040008,51.818
407,67.1378365195549,52.7330132040008,52.1245
408,49.2052016115786,52.7330132040008,52.432
409,50.2321698354495,52.7330132040008,52.7405
410,66.3319414184906,52.7330132040008,53.05
411,58.9228000940066,52.7330132040008,53.3605
412,58.2308777208161,52.7330132040008,53.672
413,75.6345234490108,52.7330132040008,53.9845
414,47.8628176961986,52.7330132040008,54.298
415,63.8909012808124,52.7330132040008,54.6125
416,55.4981312489709,61.5010766185998,54.928
417,57.9304227886326,61.5010766185998,55.2445
418,70.8466842641253,61.5010766185998,55.562
419,60.9588575628962,61.5010766185998,55.8805
420,61.5829607904963,61.5010766185998,56.2
421,67.245573373098,61.5010766185998,56.5205
422,53.1924727045711,61.5010766185998,56.842
423,48.7724033266099,61.5010766185998,57.1645
424,47.0399080597897,61.5010766185998,57.488
425,38.14893410624,61.5010766185998,57.8125
426,78.7000712994032,61.5010766185998,58.138
427,47.4324163427832,61.5010766185998,58.4645
428,56.5794637641423,61.5010766185998,58.792
429,56.3523670011108,61.5010766185998,59.1205
430,62.524066978091,61.5010766185998,59.45
431,67.937872125393,61.5010766185998,59.7805
432,68.7167348835975,61.5010766185998,60.112
433,54.6137256143106,61.5010766185998,60.4445
434,59.1067828621359,61.5010766185998,60.778
435,63.938299504883,61.5010766185998,61.1125
436,58.9610887381645,61.5010766185998,61.448
437,77.8579557601999,61.5010766185998,61.7845
438,67.0317495163825,61.5010766185998,62.122
439,69.8092778604982,61.5010766185998,62.4605
440,69.4288126866741,61.5010766185998,62.8
441,74.8752385748532,61.5010766185998,63.1405
442,65.2922155870371,61.5010766185998,63.482
443,50.8561805204415,61.5010766185998,63.8245
444,68.1648795175264,61.5010766185998,64.168
445,57.9989310620817,61.5010766185998,64.5125
446,59.5718331825024,61.5010766185998,64.858
447,71.0681401875509,61.5010766185998,65.2045
448,77.9348307143364,73.0521275338792,65.552
449,66.1132157673606,73.0521275338792,65.9005
450,69.3383301259896,73.0521275338792,66.25
451,83.6226494463524,73.0521275338792,66.6005
452,69.3595317948857,73.0521275338792,66.952
453,93.3213311418039,73.0521275338792,67.3045
454,73.3130964563154,73.0521275338792,67.658
455,50.4048724084418,73.0521275338792,68.0125
456,75.9014162110453,73.0521275338792,68.368
457,72.5360838488278,73.0521275338792,68.7245
458,81.9795275408274,73.0521275338792,69.082
459,76.1723135126996,73.0521275338792,69.4405
460,68.4154401601623,73.0521275338792,69.8
461,57.9175176371064,73.0521275338792,70.1605
462,68.4317674271397,73.0521275338792,70.522
463,62.379295457907,73.0521275338792,70.8845
464,65.4427655019528,73.0521275338792,71.248
465,77.4982840442061,73.0521275338792,71.6125
466,88.6770450435141,73.0521275338792,71.978
467,76.2912152982298,73.0521275338792,72.3445
468,60.7531693796481,73.0521275338792,72.712
469,77.5265266822014,73.0521275338792,73.0805
470,85.4163148664565,73.0521275338792,73.45
471,67.7226709568062,73.0521275338792,73.8205
472,72.8518283332708,73.0521275338792,74.192
473,74.711381947292,73.0521275338792,74.5645
474,67.0890168691776,73.0521275338792,74.938
475,81.7953043384386,73.0521275338792,75.3125
476,74.4785185139222,73.0521275338792,75.688
477,80.2598244390703,73.0521275338792,76.0645
478,67.567078221979,73.0521275338792,76.442
479,72.4459169967659,73.0521275338792,76.8205
480,84.4238135782777,86.414525636663,77.2
481,73.8521684790823,86.414525636663,77.5805
482,95.2316385123341,86.414525636663,77.962
483,74.348138143854,86.414525636663,78.3445
484,80.9748472575189,86.414525636663,78.728
485,88.4384083187309,86.414525636663,79.1125
486,65.3143426706697,86.414525636663,79.498
487,62.2764118801922,86.414525636663,79.8845
488,65.015436854299,86.414525636663,80.272
489,93.2863410342718,86.414525636663,80.6605
490,75.5314185410755,86.414525636663,81.05
491,107.022492856683,86.414525636663,81.4405
492,76.1895240134261,86.414525636663,81.832
493,84.0700130319704,86.414525636663,82.2245
494,98.0390995256788,86.414525636663,82.618
495,103.073428881591,86.414525636663,83.0125
496,104.023035766364,86.414525636663,83.408
497,95.8881623059314,86.414525636663,83.8045
498,94.4426252581146,86.414525636663,84.202
499,90.5257694920118,86.414525636663,84.6005
500,92.7836107616664,86.414525636663,85
501,79.8886428367147,86.414525636663,85.4005
502,77.6200111657769,86.414525636663,85.802
503,86.1707554258905,86.414525636663,86.2045
504,84.9061537747507,86.414525636663,86.608
505,82.4802195067273,86.414525636663,87.0125
506,94.3818744745672,86.414525636663,87.418
507,97.3775520857051,86.414525636663,87.8245
508,89.1160688629185,86.414525636663,88.232
509,103.415800810553,86.414525636663,88.6405
510,77.633108858665,86.414525636663,89.05
511,87.5239054072028,86.414525636663,89.4605
512,82.703776793972,96.0189953849004,89.872
513,71.6191338292694,96.0189953849004,90.2845
514,89.871193141573,96.0189953849004,90.698
515,89.8950249161672,96.0189953849004,91.1125
516,106.662497432421,96.0189953849004,91.528
517,98.2526168455478,96.0189953849004,91.9445
518,82.1201317567079,96.0189953849004,92.362
519,111.321425663342,96.0189953849004,92.7805
520,105.410336955254,96.0189953849004,93.2
521,99.4414770346862,96.0189953849004,93.6205
522,91.7771590115017,96.0189953849004,94.042
523,84.8701076327652,96.0189953849004,94.4645
524,91.1659322392895,96.0189953849004,94.888
525,106.199986197042,96.0189953849004,95.3125
526,114.583863059346,96.0189953849004,95.738
527,111.596935282722,96.0189953849004,96.1645
528,91.7035057821372,96.0189953849004,96.592
529,85.8243256671099,96.0189953849004,97.0205
530,98.8588624691121,96.0189953849004,97.45
531,80.1961063443715,96.0189953849004,97.8805
532,101.543677141848,96.0189953849004,98.312
533,97.2684741370133,96.0189953849004,98.7445
534,94.5176349813176,96.0189953849004,99.178
535,83.6654693273321,96.0189953849004,99.6125
536,105.184001065697,96.0189953849004,100.048
537,95.1574916033809,96.0189953849004,100.4845
538,89.2228316428971,96.0189953849004,100.922
539,72.6378778671835,96.0189953849004,101.3605
540,101.524850949494,96.0189953849004,101.8
541,119.963015966697,96.0189953849004,102.2405
542,119.294592145479,96.0189953849004,102.682
543,98.5535374341373,96.0189953849004,103.1245
544,97.5458793963822,109.416800761543,103.568
545,108.70024256075,109.416800761543,104.0125
546,94.4741456081171,109.416800761543,104.458
547,107.922418998195,109.416800761543,104.9045
548,113.012802783847,109.416800761543,105.352
549,118.069832238843,109.416800761543,105.8005
550,105.2484592352,109.416800761543,106.25
551,104.66376249823,109.416800761543,106.7005
552,98.3721741324344,109.416800761543,107.152
553,99.3356964596014,109.416800761543,107.6045
554,105.793211080985,109.416800761543,108.058
555,112.186155068162,109.416800761543,108.5125
556,118.103846262333,109.416800761543,108.968
557,101.392710493197,109.416800761543,109.4245
558,124.808885689595,109.416800761543,109.882
559,107.629263989574,109.416800761543,110.3405
560,110.586327056516,109.416800761543,110.8
561,103.788383208522,109.416800761543,111.2605
562,87.4795973972706,109.416800761543,111.722
563,121.02495396361,109.416800761543,112.1845
564,120.016438970924,109.416800761543,112.648
565,110.299224428818,109.416800761543,113.1125
566,114.247907172249,109.416800761543,113.578
567,119.203892177041,109.416800761543,114.0445
568,98.8865414311346,109.416800761543,114.512
569,109.689973226537,109.416800761543,114.9805
570,123.392646796218,109.416800761543,115.45
571,103.377605768308,109.416800761543,115.9205
572,119.327579321666,109.416800761543,116.392
573,103.298681953766,109.416800761543,116.8645
574,122.002299824335,109.416800761543,117.338
575,117.456085177025,109.416800761543,117.8125
576,102.136681840945,124.138625166069,118.288
577,130.411893544572,124.138625166069,118.7645
578,111.89608423202,124.138625166069,119.242
579,111.617975629856,124.138625166069,119.7205
580,122.205691972309,124.138625166069,120.2
581,132.166873494287,124.138625166069,120.6805
582,111.003781810216,124.138625166069,121.162
583,122.26129849848,124.138625166069,121.6445
584,126.416165003306,124.138625166069,122.128
585,129.543556072631,124.138625166069,122.6125
586,124.862415552772,124.138625166069,123.098
587,119.914221609167,124.138625166069,123.5845
588,115.796097793513,124.138625166069,124.072
589,125.421938830464,124.138625166069,124.5605
590,114.328609880144,124.138625166069,125.05
591,96.3269951650539,124.138625166069,125.5405
592,130.397598041577,124.138625166069,126.032
593,135.563848410862,124.138625166069,126.5245
594,103.388675644582,124.138625166069,127.018
595,117.415192952901,124.138625166069,127.5125
596,134.199542610052,124.138625166069,128.008
597,149.079454697117,124.138625166069,128.5045
598,129.209937076754,124.138625166069,129.002
599,122.220470587709,124.138625166069,129.5005
600,128.171035588952,124.138625166069,130
601,144.249264191482,124.138625166069,130.5005
602,124.542358208755,124.138625166069,131.002
603,123.512579933497,124.138625166069,131.5045
604,127.18056477818,124.138625166069,132.008
605,122.979213917413,124.138625166069,132.5125
606,134.244703159948,124.138625166069,133.018
607,149.771284584696,124.138625166069,133.5245
608,137.26279273116,143.845703911686,134.032
609,132.016964978737,143.845703911686,134.5405
610,132.131887310845,143.845703911686,135.05
611,119.928591913033,143.845703911686,135.5605
612,144.903097771472,143.845703911686,136.072
613,135.806128029872,143.845703911686,136.5845
614,135.293200864094,143.845703911686,137.098
615,169.543575678449,143.845703911686,137.6125
616,141.115529083657,143.845703911686,138.128
617,131.126589499048,143.845703911686,138.6445
618,134.898424037945,143.845703911686,139.162
619,151.164957091968,143.845703911686,139.6805
620,141.332704105378,143.845703911686,140.2
621,126.337720216826,143.845703911686,140.7205
622,150.434289345752,143.845703911686,141.242
623,135.08305914461,143.845703911686,141.7645
624,161.020977762175,143.845703911686,142.288
625,153.612980657146,143.845703911686,142.8125
626,138.864781043413,143.845703911686,143.338
627,156.674663617351,143.845703911686,143.8645
628,145.070555105274,143.845703911686,144.392
629,153.448236751222,143.845703911686,144.9205
630,150.297328172945,143.845703911686,145.45
631,137.516933450091,143.845703911686,145.9805
632,140.076501676825,143.845703911686,146.512
633,157.344108175812,143.845703911686,147.0445
634,144.230246678935,143.845703911686,147.578
635,144.07601536758,143.845703911686,148.1125
636,139.096774206506,143.845703911686,148.648
637,153.420490655935,143.845703911686,149.1845
638,170.347249192431,143.845703911686,149.722
639,139.585170857457,143.845703911686,150.2605
640,151.042194566728,161.576737474603,150.8
641,165.462705554154,161.576737474603,151.3405
642,151.085586087543,161.576737474603,151.882
643,156.948217962497,161.576737474603,152.4245
644,142.344064718531,161.576737474603,152.968
645,157.795570972076,161.576737474603,153.5125
646,152.186557349955,161.576737474603,154.058
647,164.461799956799,161.576737474603,154.6045
648,167.025860515648,161.576737474603,155.152
649,181.596136420186,161.576737474603,155.7005
650,162.046331732136,161.576737474603,156.25
651,160.058463165822,161.576737474603,156.8005
652,159.295843015773,161.576737474603,157.352
653,154.372837071893,161.576737474603,157.9045
654,161.842838434617,161.576737474603,158.458
655,156.05848589861,161.576737474603,159.0125
656,161.252609762696,161.576737474603,159.568
657,173.30047535608,161.576737474603,160.1245
658,150.616574347204,161.576737474603,160.682
659,172.63928561129,161.576737474603,161.2405
660,174.971150673399,161.576737474603,161.8
661,161.179814730089,161.576737474603,162.3605
662,141.703451009914,161.576737474603,162.922
663,157.406280129056,161.576737474603,163.4845
664,177.017945465611,161.576737474603,164.048
665,164.383819377011,161.576737474603,164.6125
666,155.184977677051,161.576737474603,165.178
667,160.696750787718,161.576737474603,165.7445
668,174.718200265046,161.576737474603,166.312
669,172.347835682014,161.576737474603,166.8805
670,165.060679008303,161.576737474603,167.45
671,164.352255881853,161.576737474603,168.0205
672,164.674418509562,179.544461568945,168.592
673,159.940398155015,179.544461568945,169.1645
674,185.891756894694,179.544461568945,169.738
675,167.089295307887,179.544461568945,170.3125
676,183.059585208255,179.544461568945,170.888
677,186.677660519225,179.544461568945,171.4645
678,182.02510898148,179.544461568945,172.042
679,168.30429687282,179.544461568945,172.6205
680,177.237300903366,179.544461568945,173.2
681,173.538543936091,179.544461568945,173.7805
682,165.324981392699,179.544461568945,174.362
683,178.188092817216,179.544461568945,174.9445
684,163.737602088402,179.544461568945,175.528
685,187.989293884616,179.544461568945,176.1125
686,172.051827027016,179.544461568945,176.698
687,179.296096558728,179.544461568945,177.2845
688,180.704878715461,179.544461568945,177.872
689,175.871450262959,179.544461568945,178.4605
690,184.916938014753,179.544461568945,179.05
691,174.891463433775,179.544461568945,179.6405
692,188.944972974572,179.544461568945,180.232
693,167.364703197533,179.544461568945,180.8245
694,182.681795795464,179.544461568945,181.418
695,201.401789990583,179.544461568945,182.0125
696,172.604686753944,179.544461568945,182.608
697,176.427050294751,179.544461568945,183.2045
698,188.941078496589,179.544461568945,183.802
699,186.196317819396,179.544461568945,184.4005
700,188.506300992736,179.544461568945,185
701,190.492371301477,179.544461568945,185.6005
702,192.549214685618,179.544461568945,186.202
703,197.901498419562,179.544461568945,186.8045
704,191.506186569285,198.179620056801,187.408
705,185.599923453815,198.179620056801,188.0125
706,195.343737012027,198.179620056801,188.618
707,208.223319348952,198.179620056801,189.2245
708,188.505662536174,198.179620056801,189.832
709,180.695206953294,198.179620056801,190.4405
710,202.12080669287,198.179620056801,191.05
711,190.456688360464,198.179620056801,191.6605
712,170.54530453986,198.179620056801,192.272
713,201.358716771504,198.179620056801,192.8845
714,188.144718140461,198.179620056801,193.498
715,193.207167176958,198.179620056801,194.1125
716,198.04780330569,198.179620056801,194.728
717,197.249496797791,198.179620056801,195.3445
718,203.05651817139,198.179620056801,195.962
719,192.225636294302,198.179620056801,196.5805
720,202.331057981761,198.179620056801,197.2
721,195.225033224161,198.179620056801,197.8205
722,205.830104808875,198.179620056801,198.442
723,205.218174840131,198.179620056801,199.0645
724,190.333612979554,198.179620056801,199.688
725,211.17232116175,198.179620056801,200.3125
726,195.578365548859,198.179620056801,200.938
727,209.645077982811,198.179620056801,201.5645
728,205.864873134013,198.179620056801,202.192
729,221.202336767951,198.179620056801,202.8205
730,201.215340176281,198.179620056801,203.45
731,200.587332038818,198.179620056801,204.0805
732,204.517803941123,198.179620056801,204.712
733,202.312702171657,198.179620056801,205.3445
734,213.97741901942,198.179620056801,205.978
735,190.449393915634,198.179620056801,206.6125
736,196.711175808536,219.254610159284,207.248
737,197.206470784208,219.254610159284,207.8845
738,218.025075919736,219.254610159284,208.522
739,226.266633725819,219.254610159284,209.1605
740,208.755507814625,219.254610159284,209.8
741,208.7522827681,219.254610159284,210.4405
742,211.782521631132,219.254610159284,211.082
743,223.343283026082,219.254610159284,211.7245
744,203.094468658094,219.254610159284,212.368
745,215.396189827348,219.254610159284,213.0125
746,223.409976297824,219.254610159284,213.658
747,219.315441699398,219.254610159284,214.3045
748,216.847816165987,219.254610159284,214.952
749,225.610960925671,219.254610159284,215.6005
750,189.217677070008,219.254610159284,216.25
751,223.679253195309,219.254610159284,216.9005
752,211.011243168726,219.254610159284,217.552
753,199.898171031435,219.254610159284,218.2045
754,223.97002599525,219.254610159284,218.858
755,233.24908545163,219.254610159284,219.5125
756,218.793514853723,219.254610159284,220.168
757,230.353245472029,219.254610159284,220.8245
758,237.604782579886,219.254610159284,221.482
759,235.28964453584,219.254610159284,222.1405
760,239.199645293714,219.254610159284,222.8
761,230.881774910719,219.254610159284,223.4605
762,224.876336389016,219.254610159284,224.122
763,208.764841881028,219.254610159284,224.7845
764,222.987375118701,219.254610159284,225.448
765,217.680034046838,219.254610159284,226.1125
766,248.487427174978,219.254610159284,226.778
767,225.685641875677,219.254610159284,227.4445
768,229.344048067845,236.546208448807,228.112
769,234.295353760405,236.546208448807,228.7805
770,229.886024463725,236.546208448807,229.45
771,247.071010404308,236.546208448807,230.1205
772,224.565506382656,236.546208448807,230.792
773,233.410574552372,236.546208448807,231.4645
774,224.71329414302,236.546208448807,232.138
775,219.612274887793,236.546208448807,232.8125
776,227.370309090947,236.546208448807,233.488
777,233.794132029516,236.546208448807,234.1645
778,230.548977754827,236.546208448807,234.842
779,228.596290201261,236.546208448807,235.5205
780,222.136825363282,236.546208448807,236.2
781,236.049444273713,236.546208448807,236.8805
782,222.51479625969,236.546208448807,237.562
783,245.845059636896,236.546208448807,238.2445
784,239.752397529345,236.546208448807,238.928
785,225.036985005351,236.546208448807,239.6125
786,237.205909229501,236.546208448807,240.298
787,233.462935944094,236.546208448807,240.9845
788,244.863745104192,236.546208448807,241.672
789,255.765004460231,236.546208448807,242.3605
790,224.298275303543,236.546208448807,243.05
791,244.890760791474,236.546208448807,243.7405
792,242.830672044334,236.546208448807,244.432
793,251.837900764505,236.546208448807,245.1245
794,247.949966282377,236.546208448807,245.818
795,238.992806682612,236.546208448807,246.5125
796,244.017460643334,236.546208448807,247.208
797,239.944241431965,236.546208448807,247.9045
798,259.362071385986,236.546208448807,248.602
799,249.513616486719,236.546208448807,249.3005
800,269.01190685753,259.177806233202,250
801,250.093891861854,259.177806233202,250.7005
802,244.317932330895,259.177806233202,251.402
803,236.967356073872,259.177806233202,252.1045
804,234.776603237441,259.177806233202,252.808
805,237.671140569945,259.177806233202,253.5125
806,256.889266510115,259.177806233202,254.218
807,260.011750232299,259.177806233202,254.9245
808,239.820092979679,259.177806233202,255.632
809,265.290883140761,259.177806233202,256.3405
810,252.219389483166,259.177806233202,257.05
811,259.228430119855,259.177806233202,257.7605
812,274.594206282554,259.177806233202,258.472
813,268.152893158655,259.177806233202,259.1845
814,257.212693520942,259.177806233202,259.898
815,251.700577745847,259.177806233202,260.6125
816,239.809845986707,259.177806233202,261.328
817,254.852966807576,259.177806233202,262.0445
818,260.650697611723,259.177806233202,262.762
819,253.608704728488,259.177806233202,263.4805
820,262.887430329077,259.177806233202,264.2
821,265.689018829588,259.177806233202,264.9205
822,263.393440181919,259.177806233202,265.642
823,259.864474191765,259.177806233202,266.3645
824,268.774546719667,259.177806233202,267.088
825,272.231906495694,259.177806233202,267.8125
826,257.634009225572,259.177806233202,268.538
827,283.373823797463,259.177806233202,269.2645
828,269.006118677157,259.177806233202,269.992
829,270.908996229449,259.177806233202,270.7205
830,278.532144232566,259.177806233202,271.45
831,274.512661312635,259.177806233202,272.1805
832,282.443366339132,284.662114502784,272.912
833,276.515741652018,284.662114502784,273.6445
834,268.253626253596,284.662114502784,274.378
835,278.727535252061,284.662114502784,275.1125
836,264.410737926793,284.662114502784,275.848
837,277.670097057765,284.662114502784,276.5845
838,276.989700093555,284.662114502784,277.322
839,275.979331427275,284.662114502784,278.0605
840,277.514624885611,284.662114502784,278.8
841,260.722009545024,284.662114502784,279.5405
842,274.79475092259,284.662114502784,280.282
843,281.952949011411,284.662114502784,281.0245
844,283.366563919974,284.662114502784,281.768
845,272.23574859074,284.662114502784,282.5125
846,295.915078408647,284.662114502784,283.258
847,275.342751517855,284.662114502784,284.0045
848,294.446572005267,284.662114502784,284.752
849,289.772443618717,284.662114502784,285.5005
850,279.787726901562,284.662114502784,286.25
851,304.753608926095,284.662114502784,287.0005
852,275.815631682435,284.662114502784,287.752
853,297.6960417361,284.662114502784,288.5045
854,299.26382318043,284.662114502784,289.258
855,283.306297909234,284.662114502784,290.0125
856,304.692653000643,284.662114502784,290.768
857,289.02403485401,284.662114502784,291.5245
858,295.168936292799,284.662114502784,292.282
859,295.643718387712,284.662114502784,293.0405
860,292.456912585295,284.662114502784,293.8
861,302.668582731598,284.662114502784,294.5605
862,303.256887205522,284.662114502784,295.322
863,278.599180267618,284.662114502784,296.0845
864,309.891402428781,308.408216654176,296.848
865,280.987580119643,308.408216654176,297.6125
866,308.703462043417,308.408216654176,298.378
867,310.411551368276,308.408216654176,299.1445
868,289.002335697848,308.408216654176,299.912
869,296.572357120454,308.408216654176,300.6805
870,290.392953315141,308.408216654176,301.45
871,300.071289697113,308.408216654176,302.2205
872,299.911657158143,308.408216654176,302.992
873,311.561105322693,308.408216654176,303.7645
874,317.641087461196,308.408216654176,304.538
875,319.2693381079,308.408216654176,305.3125
876,300.466319734217,308.408216654176,306.088
877,304.772281262555,308.408216654176,306.8645
878,290.80761807779,308.408216654176,307.642
879,300.361799335038,308.408216654176,308.4205
880,318.848516330975,308.408216654176,309.2
881,326.136328235482,308.408216654176,309.9805
882,298.418511281201,308.408216654176,310.762
883,305.619857408471,308.408216654176,311.5445
884,312.063942430411,308.408216654176,312.328
885,315.914111588196,308.408216654176,313.1125
886,305.801964800783,308.408216654176,313.898
887,318.925110444641,308.408216654176,314.6845
888,310.733606529291,308.408216654176,315.472
889,316.115977291217,308.408216654176,316.2605
890,322.512842480037,308.408216654176,317.05
891,317.904722698109,308.408216654176,317.8405
892,314.268141094734,308.408216654176,318.632
893,318.328401960742,308.408216654176,319.4245
894,319.334370407947,308.408216654176,320.218
895,317.312389701179,308.408216654176,321.0125
896,319.220039373329,333.398317278396,321.808
897,338.590971705047,333.398317278396,322.6045
898,329.011194479412,333.398317278396,323.402
899,321.245696819708,333.398317278396,324.2005
900,331.969544045107,333.398317278396,325
901,322.46230510244,333.398317278396,325.8005
902,338.333246375866,333.398317278396,326.602
903,331.100921921981,333.398317278396,327.4045
904,327.134978559958,333.398317278396,328.208
905,333.489669258103,333.398317278396,329.0125
906,314.109238479315,333.398317278396,329.818
907,319.356825310902,333.398317278396,330.6245
908,319.492749936009,333.398317278396,331.432
909,333.669930947637,333.398317278396,332.2405
910,350.375149994851,333.398317278396,333.05
911,356.173501461926,333.398317278396,333.8605
912,341.052511014408,333.398317278396,334.672
913,340.492944749445,333.398317278396,335.4845
914,318.287422658473,333.398317278396,336.298
915,331.68576200266,333.398317278396,337.1125
916,330.050162480918,333.398317278396,337.928
917,332.536024017489,333.398317278396,338.7445
918,337.880561814152,333.398317278396,339.562
919,335.659594223029,333.398317278396,340.3805
920,321.407001896242,333.398317278396,341.2
921,349.499602561175,333.398317278396,342.0205
922,332.114569742602,333.398317278396,342.842
923,346.056968641111,333.398317278396,343.6645
924,365.2288266975,333.398317278396,344.488
925,336.118654084136,333.398317278396,345.3125
926,320.835124772537,333.398317278396,346.138
927,344.104457781199,333.398317278396,346.9645
928,358.801596349986,363.072532116017,347.792
929,368.203974542206,363.072532116017,348.6205
930,337.154504055476,363.072532116017,349.45
931,355.247492232365,363.072532116017,350.2805
932,346.458895432199,363.072532116017,351.112
933,350.885016456959,363.072532116017,351.9445
934,379.22143347017,363.072532116017,352.778
935,338.582796716049,363.072532116017,353.6125
936,356.985396614946,363.072532116017,354.448
937,359.961431717654,363.072532116017,355.2845
938,366.979863249393,363.072532116017,356.122
939,357.940331534709,363.072532116017,356.9605
940,360.880505395041,363.072532116017,357.8
941,354.724014325782,363.072532116017,358.6405
942,362.173269412451,363.072532116017,359.482
943,356.892577245026,363.072532116017,360.3245
944,367.383718898561,363.072532116017,361.168
945,358.316396639564,363.072532116017,362.0125
946,366.629003939022,363.072532116017,362.858
947,363.41187186315,363.072532116017,363.7045
948,375.812502507722,363.072532116017,364.552
949,364.886562764115,363.072532116017,365.4005
950,348.519675317931,363.072532116017,366.25
951,379.71971500714,363.072532116017,367.1005
952,358.894676991374,363.072532116017,367.952
953,362.266836613512,363.072532116017,368.8045
954,363.701387059565,363.072532116017,369.658
955,384.256880931708,363.072532116017,370.5125
956,350.011257860213,363.072532116017,371.368
957,403.6019853366,363.072532116017,372.2245
958,383.642568090661,363.072532116017,373.082
959,376.172889141292,363.072532116017,373.9405
960,374.251059993837,389.658953966098,374.8
961,378.516040748577,389.658953966098,375.6605
962,381.733224283793,389.658953966098,376.522
963,383.836655859501,389.658953966098,377.3845
964,383.804044660035,389.658953966098,378.248
965,380.008306812553,389.658953966098,379.1125
966,378.004615796927,389.658953966098,379.978
967,379.331767163465,389.658953966098,380.8445
968,379.762917196473,389.658953966098,381.712
969,393.918200968671,389.658953966098,382.5805
970,389.385567222809,389.658953966098,383.45
971,354.916613653357,389.658953966098,384.3205
972,391.751007765298,389.658953966098,385.192
973,388.011861947188,389.658953966098,386.0645
974,386.750912435541,389.658953966098,386.938
975,383.927315469111,389.658953966098,387.8125
976,399.92912719986,389.658953966098,388.688
977,399.039764621229,389.658953966098,389.5645
978,382.713223321764,389.658953966098,390.442
979,395.391022871245,389.658953966098,391.3205
980,382.483432654587,389.658953966098,392.2
981,379.284318352111,389.658953966098,393.0805
982,387.6948277541,389.658953966098,393.962
983,403.468434723828,389.658953966098,394.8445
984,405.259250453761,389.658953966098,395.728
985,401.743354200973,389.658953966098,396.6125
986,404.74895786848,389.658953966098,397.498
987,403.54628287115,389.658953966098,398.3845
988,392.85718404777,389.658953966098,399.272
989,404.479725446739,389.658953966098,400.1605
990,409.054095252277,389.658953966098,401.05
991,409.483413298136,389.658953966098,401.9405
992,414.721133714746,407.840812681634,402.832
993,410.807538472011,407.840812681634,403.7245
994,408.132482075416,407.840812681634,404.618
995,416.214002383164,407.840812681634,405.5125
996,406.142787407509,407.840812681634,406.408
997,398.485753487723,407.840812681634,407.3045
998,406.571330360562,407.840812681634,408.202
999,401.651473551936,407.840812681634,409.1005
